STATE,ST_CASE,VE_TOTAL,VE_FORMS,PVH_INVL,PEDS,PERNOTMVIT,PERMVIT,PERSONS,COUNTY,CITY,DAY,MONTH,YEAR,DAY_WEEK,HOUR,MINUTE,NHS,RUR_URB,FUNC_SYS,RD_OWNER,ROUTE,TWAY_ID,TWAY_ID2,MILEPT,LATITUDE,LONGITUD,SP_JUR,HARM_EV,MAN_COLL,RELJCT1,RELJCT2,TYP_INT,WRK_ZONE,REL_ROAD,LGT_COND,WEATHER1,WEATHER2,WEATHER,SCH_BUS,RAIL,NOT_HOUR,NOT_MIN,ARR_HOUR,ARR_MIN,HOSP_HR,HOSP_MN,CF1,CF2,CF3,FATALS,DRUNK_DR
10,100001,1,1,0,0,0,1,1,1,0,7,1,2016,5,19,7,0,1,6,1,6,WILLIAMSVILLE ROAD,,12,38.88663056,-75.551269440000,0,34,0,0,1,1,0,10,2,1,0,1,0,0000000,19,10,19,15,19,45,0,0,0,1,0
10,100002,2,2,0,0,0,3,3,3,0,5,1,2016,3,6,44,0,2,2,1,3,SR-1 KOREAN WAR VETS MEM HWY,,48,39.67316944,-75.653930560000,0,5,0,0,1,1,0,1,3,1,0,1,0,0000000,6,46,6,48,88,88,0,0,0,1,0
10,100003,1,1,0,0,0,3,3,5,0,17,1,2016,1,0,14,0,1,5,1,3,SR-23 LONG NECK RD,,36,38.62836944,-75.161911110000,0,42,0,0,1,1,0,5,2,1,0,1,0,0000000,0,15,0,21,0,53,0,0,0,1,1
10,100004,1,1,0,0,0,1,1,3,0,12,3,2016,7,2,1,0,1,5,1,6,CALDWELL CORNER ROAD,,35,39.38786944,-75.712050000000,0,30,0,0,1,1,0,4,2,1,0,1,0,0000000,1,59,2,5,88,88,0,0,0,1,1
10,100005,2,2,0,1,1,2,2,1,130,11,3,2016,6,19,58,0,2,4,1,2,US-13 S DUPONT HWY,EVERGREEN DRIVE,73,39.14448889,-75.516919440000,0,8,0,0,2,2,0,1,2,1,0,1,0,0000000,20,1,20,4,20,11,0,0,0,1,0
10,100006,1,1,0,1,1,1,1,3,0,29,2,2016,2,18,30,0,2,4,1,2,US-13B PHILADELPHIA PIKE,,61,39.79326111,-75.468880560000,0,8,0,1,18,1,0,1,2,1,0,1,0,0000000,18,35,18,38,19,7,0,0,0,1,0
10,100007,1,1,0,1,1,1,1,3,85,31,1,2016,1,18,10,0,2,4,1,2,US-13B PHILADELPHIA PIKE,,62,39.79390000,-75.468169440000,0,8,0,0,1,1,0,1,3,1,0,1,0,0000000,18,9,18,15,18,45,0,0,0,1,0
10,100008,1,1,0,0,0,1,1,3,380,2,3,2016,4,2,22,1,2,3,1,3,SR-4 WILMINGTON CHRISTIANA PK,,31,39.71508889,-75.605350000000,0,42,0,0,1,1,0,6,3,2,0,2,0,0000000,88,88,88,88,88,88,0,0,0,1,0
10,100009,1,1,0,0,0,2,2,3,0,9,3,2016,4,22,52,0,2,4,1,6,NEW CASTLE AVE,,42,39.72276667,-75.544575000000,0,33,0,0,1,1,0,3,3,10,0,10,0,0000000,88,88,88,88,88,88,0,0,0,2,1
10,100010,2,2,0,0,0,2,2,3,0,25,3,2016,6,15,56,0,1,4,1,3,SR-299 MAIN ST,,27,39.45393889,-75.679138890000,0,12,6,0,1,1,0,1,1,10,0,10,0,0000000,99,99,99,99,99,99,0,0,0,1,0
10,100011,1,1,0,0,0,1,1,5,0,15,1,2016,6,22,13,0,1,7,1,6,GREEN BRIAR ROAD,,21,38.63640000,-75.678138890000,0,34,0,0,1,1,0,4,2,2,0,2,0,0000000,22,17,22,26,22,52,0,0,0,1,1
10,100012,2,2,0,0,0,2,2,5,0,12,1,2016,3,17,42,0,1,5,1,6,MOUNT JOY ROAD,,57,38.62276111,-75.217930560000,0,12,2,0,1,1,0,1,2,1,0,1,0,0000000,17,43,17,48,18,23,0,0,0,1,1
10,100013,2,2,0,0,0,2,2,5,0,26,1,2016,3,12,7,0,1,7,1,4,CR-64 WHITESVILLE RD,CR-68 OLD STAGE RD,33,38.50063889,-75.353819440000,0,12,6,0,2,2,0,1,1,1,0,1,0,0000000,12,10,12,17,12,41,0,0,0,1,0
10,100014,2,2,0,0,0,3,3,1,0,27,3,2016,1,2,7,0,2,4,1,2,US-13 N DUPONT HWY,W DENNYS RD,59,39.20245000,-75.558980560000,0,12,98,0,2,2,0,1,2,10,0,10,0,0000000,2,8,2,14,2,31,0,0,0,1,0
10,100015,1,1,0,0,0,3,3,1,0,14,1,2016,5,17,18,0,1,3,1,2,US-113 BAY RD,,118,38.96666944,-75.432511110000,0,59,0,0,1,1,0,3,2,1,0,1,0,0000000,17,23,17,29,17,55,0,0,0,2,0
10,100016,2,2,0,0,0,2,2,5,0,19,1,2016,3,8,50,0,1,5,1,6,MOUNT JOY RD,,99998,38.62271111,-75.217519440000,0,59,0,0,1,1,0,4,1,1,0,1,0,0000000,8,52,8,56,9,33,0,0,0,1,0
10,100017,1,1,0,0,0,1,1,3,0,8,2,2016,2,6,54,1,2,1,1,1,I-95 JOHN F KENNEDY MEMORIAL H,,68,39.69446944,-75.623161110000,0,25,0,0,1,1,0,3,3,1,0,1,0,0000000,6,57,7,0,7,14,0,0,0,1,0
10,100018,1,1,0,0,0,3,3,5,0,8,4,2016,6,23,36,0,1,5,1,6,N OLD STATE RD,,91,38.88536111,-75.426019440000,0,42,0,0,1,1,0,4,2,1,0,1,0,0000000,23,37,23,44,0,7,20,0,0,1,1
10,100019,2,2,0,0,0,5,5,3,0,11,3,2016,6,23,33,1,1,3,1,2,US-301 MIDDLETOWN WARWICK RD,STRAWBERRY LN,3,39.41506111,-75.766600000000,0,12,6,0,2,2,0,1,2,1,0,1,0,0000000,23,34,23,43,0,27,0,0,0,1,1
10,100020,2,2,0,0,0,6,6,5,0,16,3,2016,4,16,42,0,1,5,1,3,SR-30 CEDAR CREEK RD,,62,38.86245000,-75.371861110000,0,12,1,0,8,1,0,1,1,1,0,1,0,0000000,16,46,16,58,17,21,0,0,0,1,0
10,100021,2,1,1,0,0,2,2,3,490,1,3,2016,3,16,18,0,2,7,4,6,N FRANKLIN ST,DELAWARE AVE,11,39.75413889,-75.558288890000,0,14,0,0,3,2,0,4,1,1,0,1,0,0000000,99,99,99,99,99,99,0,0,0,1,0
10,100022,2,2,0,0,0,2,2,5,0,22,2,2016,2,14,49,0,1,5,1,3,SR-30 GRAVEL HILL RD,SAND HILL RD,128,38.77091944,-75.340669440000,0,12,6,0,2,2,0,1,1,1,0,1,0,0000000,14,51,15,0,16,3,0,0,0,1,0
10,100023,1,1,0,1,1,1,1,3,0,27,4,2016,4,14,55,0,2,3,1,2,US-13 N DUPONT HWY,,24,39.68231111,-75.588561110000,0,8,0,0,1,1,0,1,1,10,0,10,0,0000000,14,56,14,58,15,19,0,0,0,1,0
10,100024,1,1,0,1,1,1,1,5,0,26,1,2016,3,17,13,0,1,4,1,3,SR-18 FEDERALSBURG RD,,15,38.73196111,-75.625711110000,0,8,0,0,1,1,0,99,5,1,0,1,0,0000000,17,14,17,19,88,88,0,0,0,1,0
10,100025,2,2,0,0,0,9,9,5,200,20,2,2016,7,16,10,0,1,5,1,4,CR-40 REDDEN RD,,99998,38.74433056,-75.442380560000,0,12,6,0,1,1,0,1,1,1,0,1,0,0000000,16,1,16,5,16,42,0,0,0,1,0
10,100026,3,3,0,0,0,4,4,3,0,11,4,2016,2,19,47,1,2,3,1,3,SR-273 CHRISTIANA RD,SR-1,28,39.65998056,-75.655361110000,0,12,6,0,3,2,0,1,2,1,0,1,0,0000000,19,50,19,52,99,99,23,0,0,1,1
10,100027,2,1,1,1,1,5,5,3,490,16,5,2016,2,19,34,1,2,1,1,1,I-95,,55,39.75653056,-75.552488890000,0,8,0,0,1,1,0,1,1,1,0,1,0,0000000,19,36,19,39,99,99,14,16,0,1,0
10,100028,1,1,0,0,0,1,1,3,0,27,4,2016,4,0,31,1,2,3,1,2,US-202 CONCORD PIKE,,43,39.77831944,-75.545019440000,0,39,0,0,1,1,0,4,2,1,0,1,0,0000000,0,31,0,36,88,88,0,0,0,1,1
10,100029,2,2,0,0,0,2,2,3,0,25,5,2016,4,7,47,0,1,5,1,3,SR-100 MONTCHANIN RD,,21,39.79961944,-75.589038890000,0,12,2,0,1,1,0,1,1,1,0,1,0,0000000,7,53,99,99,99,99,0,0,0,1,0
10,100030,2,2,0,0,0,2,2,5,0,7,1,2016,5,15,3,0,1,5,1,3,SR-20 HARDSCRABBLE RD,,156,38.60101111,-75.345219440000,0,12,2,0,1,1,0,1,1,1,0,1,0,0000000,15,4,15,11,15,54,0,0,0,1,0
10,100031,2,2,0,0,0,2,2,1,0,2,4,2016,7,21,32,0,1,5,1,4,CR-100 W DENNEYS RD,,32,39.17931944,-75.593680560000,0,12,6,0,1,1,0,1,2,2,0,2,0,0000000,21,35,21,44,22,10,0,0,0,1,1
10,100032,1,1,0,1,1,1,1,1,130,2,7,2016,7,2,38,0,2,4,1,2,US-13 N DUPONT HWY,W DENNEYS RD,66,39.20230000,-75.559119440000,0,9,0,0,2,2,0,1,2,1,0,1,0,0000000,88,88,88,88,88,88,0,0,0,1,0
10,100033,2,2,0,0,0,5,5,3,490,30,7,2016,7,13,20,0,2,4,1,3,SR-9 FOURTH ST,N VANBUREN ST,7,39.74473056,-75.561861110000,0,12,6,0,2,2,0,1,1,10,0,10,0,0000000,99,99,99,99,99,99,0,0,0,1,0
10,100034,1,1,0,1,1,1,1,3,0,12,7,2016,3,11,44,1,2,3,1,3,SR-2 KIRKWOOD HWY,SR-7 LIMESTONE RD,90,39.72366944,-75.658250000000,0,8,0,0,3,2,0,1,1,1,0,1,0,0000000,11,46,11,46,99,99,0,0,0,1,0
10,100035,2,1,1,0,1,4,5,5,0,28,5,2016,7,22,57,0,1,4,1,3,SR-26 VINES CREEK RD,,133,38.55098056,-75.225988890000,0,14,0,0,1,1,0,2,2,1,0,1,0,0000000,23,4,23,9,0,14,0,0,0,1,1
10,100036,1,1,0,0,0,1,1,3,0,20,7,2016,4,0,40,1,1,2,1,3,SR-1 KOREAN WAR VETS MEMORIAL,,99998,39.42408056,-75.658100000000,0,26,0,0,1,1,0,10,2,1,0,1,0,0000000,0,41,0,58,1,20,0,0,0,1,0
10,100037,1,1,0,0,0,1,1,5,0,18,4,2016,2,22,6,0,1,7,1,4,CR-504 PROVIDENCE CHURCH RD,,20,38.48703889,-75.631388890000,0,32,0,0,1,1,0,4,2,1,0,1,0,0000000,22,8,22,16,22,55,0,0,0,1,1
10,100038,1,1,0,1,1,1,1,3,0,28,2,2016,1,21,28,1,2,3,1,3,SR-41 LANCASTER PIKE,,8,39.79390000,-75.712269440000,0,8,0,0,1,1,0,1,2,1,0,1,0,0000000,21,33,21,35,88,88,0,0,0,1,0
10,100039,1,1,0,1,1,1,1,3,0,10,2,2016,4,4,33,0,2,4,1,3,SR-261 FOULK RD,,24,39.80803889,-75.515269440000,0,8,0,0,1,1,0,1,2,4,0,4,0,0000000,4,34,4,39,88,88,0,0,0,1,0
10,100040,2,2,0,0,0,2,2,3,0,21,8,2016,1,5,34,1,2,3,1,3,SR-52 PENNSYLVANIA AVE,BROOM ST,26,39.75371111,-75.560738890000,0,12,6,0,2,2,0,1,4,10,0,10,0,0000000,99,99,99,99,99,99,0,0,0,1,0
10,100041,1,1,0,0,0,2,2,3,0,4,6,2016,7,19,10,0,1,7,1,6,BLACKBIRD LANDING RD,,27,39.40268889,-75.655180560000,0,34,0,0,1,1,0,4,1,10,0,10,0,0000000,19,9,19,20,19,55,0,0,0,1,0
10,100042,1,1,0,0,0,1,1,1,0,21,7,2016,5,0,1,0,2,5,1,9,IRISH HILL RD,PEACHTREE RUN RD,99998,39.05043056,-75.525580560000,0,5,0,0,3,3,0,5,2,1,0,1,0,0000000,7,43,7,51,88,88,0,0,0,1,1
10,100043,3,3,0,0,0,3,3,3,0,28,5,2016,7,16,51,0,1,6,1,6,CLAYTON DELANY RD,DELANEY MARYLAND LINE RD,6,39.30046944,-75.749780560000,0,5,0,0,3,4,0,1,1,1,0,1,0,0000000,16,55,17,13,17,40,0,0,0,1,2
10,100044,2,1,1,0,1,1,2,1,0,14,6,2016,3,11,35,0,1,4,1,3,SR-300 WHEATLEYS POND RD,,65,39.23933056,-75.651111110000,0,14,0,0,1,1,0,2,1,1,0,1,0,0000000,11,44,11,50,12,11,0,0,0,1,0
10,100045,2,2,0,0,0,4,4,1,320,19,4,2016,3,7,3,1,1,2,1,3,SR-1 MILFORD-BYPASS,SR-14 NORTHEAST FRONT ST,5,38.92581944,-75.413000000000,0,12,6,0,2,2,0,1,1,1,0,1,0,0000000,7,6,7,15,99,99,0,0,0,1,0
10,100046,1,1,0,0,0,1,1,5,0,22,3,2016,3,21,41,0,1,4,1,2,US-9 COUNTY SEAT HWY,,31,38.59546944,-75.530030560000,0,42,0,0,1,1,0,5,2,1,0,1,0,0000000,21,42,21,49,88,88,0,0,0,1,0
10,100047,2,2,0,0,0,3,3,1,0,17,4,2016,1,13,24,0,1,5,1,3,SR-10 WILLOW GROVE RD,,78,39.07439444,-75.613197220000,0,12,2,0,1,1,0,1,1,1,0,1,0,0000000,13,27,13,32,14,6,0,0,0,1,0
10,100048,2,1,1,1,1,1,1,1,0,7,6,2016,3,13,54,1,1,2,1,3,SR-1 BAY RD,,60,39.04599444,-75.457972220000,0,53,0,0,1,1,3,5,1,1,0,1,0,0000000,13,57,14,3,14,32,0,0,0,1,0
10,100049,2,2,0,0,0,2,2,3,0,1,7,2016,6,20,14,0,2,5,1,6,PORTER RD,WOODS RD,99998,39.59006111,-75.714125000000,0,12,6,0,2,3,0,1,1,1,0,1,0,0000000,20,15,20,23,20,37,0,0,0,1,1
10,100050,1,1,0,0,0,3,3,3,0,7,5,2016,7,1,4,0,1,7,1,5,SAWMILL RD,,32,39.34937778,-75.746122220000,0,42,0,0,1,1,0,5,2,2,0,2,0,0000000,1,3,1,17,88,88,0,0,0,1,1
10,100051,1,1,0,1,1,1,1,1,130,2,9,2016,6,1,23,0,2,4,1,6,SOUTH STATE ST,,1,39.14278056,-75.522738890000,0,8,0,0,1,1,0,1,2,1,0,1,0,0000000,99,99,99,99,88,88,0,0,0,1,0
10,100052,1,1,0,1,1,2,2,3,0,7,9,2016,4,7,28,1,2,3,1,3,SR-48 LANCASTER AVE,WOODLAWN AVE,82,39.74828056,-75.578119440000,0,8,0,0,3,2,0,1,1,1,0,1,0,0000000,99,99,99,99,99,99,0,0,0,1,0
10,100053,1,1,0,0,0,3,3,5,0,18,6,2016,7,5,20,0,1,5,1,3,SR-36 SHAWNEE RD,,99998,38.83610833,-75.538361110000,0,42,0,0,1,1,0,5,4,1,0,1,0,0000000,5,22,5,37,5,59,0,0,0,2,1
10,100054,1,1,0,0,0,1,1,5,0,8,7,2016,6,23,59,1,1,3,1,2,US-113 DUPONT BLVD,,45,38.51705000,-75.239530560000,0,1,0,0,1,1,0,1,2,1,0,1,0,0000000,0,2,0,4,88,88,20,0,0,1,1
10,100055,2,2,0,0,0,4,4,3,0,2,4,2016,7,14,14,1,2,3,1,2,US-13 DUPONT PARKWAY,,11,39.66791944,-75.601638890000,0,12,6,0,7,1,0,1,1,1,0,1,0,0000000,14,16,14,21,14,43,0,0,0,1,0
10,100056,1,1,0,1,1,2,2,3,0,6,8,2016,7,21,33,1,2,3,1,2,US-13 S. DUPONT HWY.,LLANGOLLEN BLVD.,4,39.64860556,-75.621747220000,0,8,0,0,2,2,0,1,3,1,0,1,0,0000000,21,34,21,37,21,55,0,0,0,1,0
10,100057,1,1,0,0,0,2,2,3,0,6,8,2016,7,15,41,1,1,2,1,3,SR-1 KOREAN WAR VETS MEM HWY,,63,39.38334167,-75.663158330000,0,1,0,0,1,1,0,3,1,1,0,1,0,0000000,15,45,15,58,16,27,0,0,0,1,0
10,100058,2,2,0,0,0,2,2,5,0,30,6,2016,5,4,40,0,1,5,1,3,SR-24 JOHN J. WILLIAMS HWY,,282,38.60206111,-75.250569440000,0,12,2,0,1,1,0,1,2,1,0,1,0,0000000,4,41,4,50,88,88,0,0,0,1,1