STATE,ST_CASE,VE_TOTAL,VE_FORMS,PVH_INVL,PEDS,PERNOTMVIT,PERMVIT,PERSONS,COUNTY,CITY,DAY,MONTH,YEAR,DAY_WEEK,HOUR,MINUTE,NHS,RUR_URB,FUNC_SYS,RD_OWNER,ROUTE,TWAY_ID,TWAY_ID2,MILEPT,LATITUDE,LONGITUD,SP_JUR,HARM_EV,MAN_COLL,RELJCT1,RELJCT2,TYP_INT,WRK_ZONE,REL_ROAD,LGT_COND,WEATHER1,WEATHER2,WEATHER,SCH_BUS,RAIL,NOT_HOUR,NOT_MIN,ARR_HOUR,ARR_MIN,HOSP_HR,HOSP_MN,CF1,CF2,CF3,FATALS,DRUNK_DR
10,100059,2,2,0,0,0,4,4,5,0,30,7,2016,7,1,40,1,2,3,1,2,US-13 SUSSEX HWY,,99998,38.59393056,-75.577438890000,0,12,1,0,1,1,0,1,2,1,0,1,0,0000000,1,41,1,47,2,18,0,0,0,1,1
10,100060,1,1,0,1,1,2,2,1,130,26,10,2016,4,21,16,0,2,4,1,2,US-13 BAY RD,EAST LOOCKERMAN ST,88888,39.16163333,-75.513727780000,0,8,0,0,3,2,0,1,3,10,0,10,0,0000000,19,17,19,24,19,33,0,0,0,1,0
10,100061,1,1,0,1,1,1,1,3,0,7,8,2016,1,21,37,1,2,3,1,3,SR-2 KIRKWOOD HWY,DELAWARE PARK RD,88888,39.71398889,-75.675550000000,0,8,0,0,2,3,0,1,2,1,0,1,0,0000000,21,39,21,40,21,58,0,0,0,1,1
10,100062,2,2,0,1,1,3,3,3,0,2,9,2016,6,19,52,1,2,1,1,1,I-95 JOHN F KENNEDY MEM HWY,,130,39.65083889,-75.722750000000,0,8,0,0,1,1,0,1,5,1,0,1,0,0000000,19,50,19,52,88,88,0,0,0,1,0
10,100063,2,1,1,0,0,1,1,1,0,29,9,2016,5,14,55,0,1,4,1,3,SR-8 HALLTOWN RD,,88888,39.14571944,-75.673966670000,0,53,0,0,1,1,0,5,1,2,0,2,0,0000000,14,57,15,5,88,88,14,0,0,1,1
10,100064,2,2,0,0,0,3,3,1,0,18,6,2016,7,18,22,0,1,7,1,6,DYKE BRANCH RD,LEWIS DR,10,39.21023889,-75.546400000000,0,12,6,0,2,2,0,1,1,1,0,1,0,0000000,18,26,18,32,18,58,0,0,0,1,0
10,100065,2,2,0,0,0,3,3,5,0,2,4,2016,7,14,27,1,1,3,1,3,SR-1 COASTAL HWY,,99998,38.71994444,-75.117419440000,0,12,1,0,1,1,0,1,1,10,0,10,0,0000000,88,88,88,88,88,88,0,0,0,1,0
10,100066,2,2,0,0,0,2,2,5,0,3,6,2016,6,13,25,1,1,3,1,3,SR-1 COASTAL HWY,SR-5 UNION ST EXT,99998,38.82153056,-75.306600000000,0,12,6,0,2,3,0,1,1,1,0,1,0,0000000,13,27,13,30,14,52,0,0,0,1,0
10,100067,1,1,0,0,0,1,1,1,0,13,8,2016,7,17,34,0,1,6,1,8,HENRY COWGILL RD,,8,39.05740833,-75.621816670000,0,34,0,0,1,1,0,4,5,1,0,1,0,0000000,19,38,19,47,88,88,18,0,0,1,1
10,100068,2,2,0,0,0,2,2,3,0,23,7,2016,7,0,43,0,2,3,1,3,SR-4 CHESTNUT HILL RD,OLD NEWARK RD,11,39.66946111,-75.712188890000,0,12,6,0,2,3,0,1,2,1,0,1,0,0000000,0,47,0,53,99,99,0,0,0,1,2
10,100069,1,1,0,0,0,2,2,3,0,7,8,2016,1,20,0,1,1,2,1,3,SR-1 KOREAN WAR VETS MEM HWY,,77,39.33417500,-75.632833330000,0,1,0,0,1,1,0,1,5,1,0,1,0,0000000,20,3,20,13,20,50,0,0,0,1,1
10,100070,2,2,0,0,0,5,5,1,0,27,8,2016,7,21,43,0,1,5,1,3,SR-42 BLACKISTON RD,,29,39.23446111,-75.676011110000,0,12,1,0,1,1,0,1,2,1,0,1,0,0000000,21,46,21,56,22,56,0,0,0,1,1
10,100071,2,2,0,0,0,2,2,3,0,16,9,2016,6,17,18,1,1,3,3,2,US-301 SUMMIT BRIDGE RD,,18,39.47663056,-75.720461110000,0,12,6,0,8,1,0,1,1,1,0,1,0,0000000,17,17,17,20,99,99,0,0,0,1,0
10,100072,1,1,0,1,1,1,1,3,0,16,9,2016,6,19,38,1,2,3,1,2,US-RT40 PULASKI HWY,CHURCH RD,56,39.62261944,-75.683588890000,0,8,0,0,3,2,0,1,2,1,0,1,0,0000000,19,38,19,44,19,58,0,0,0,1,0
10,100073,1,1,0,0,0,1,1,1,0,19,10,2016,4,18,0,0,1,6,1,6,SMYRNA LEIPSIC RD,,52,39.28563889,-75.579561110000,0,34,0,0,1,1,0,4,1,1,0,1,0,0000000,18,2,18,8,88,88,24,0,0,1,0
10,100074,1,1,0,1,1,1,1,3,490,2,12,2016,6,16,19,0,2,3,1,6,S MARKET ST,,0,39.73693889,-75.553669440000,0,8,0,0,1,1,0,1,5,1,0,1,0,0000000,16,22,16,27,16,51,0,0,0,1,0
10,100075,1,1,0,1,1,1,1,5,0,9,9,2016,6,21,22,1,2,3,1,2,US-13 SUSSEX HWY,CHIPMAN LN,99998,38.56260000,-75.558061110000,0,8,0,0,2,98,0,1,2,1,0,1,0,0000000,21,25,21,30,21,46,0,0,0,1,0
10,100076,1,1,0,1,1,1,1,1,0,12,9,2016,2,20,28,0,2,4,1,2,US-13 N DUPONT HWY,,99998,39.20458056,-75.562319440000,0,8,0,0,1,1,0,1,2,1,0,1,0,0000000,20,32,20,36,20,49,0,0,0,1,0
10,100077,1,1,0,0,0,1,1,3,0,13,10,2016,5,1,15,1,2,1,1,1,I-95 RAMP,,1,39.69560556,-75.616466670000,0,32,0,1,5,1,0,8,3,1,0,1,0,0000000,1,21,1,26,88,88,0,0,0,1,1
10,100078,2,2,0,0,0,2,2,3,0,9,11,2016,4,10,41,1,2,3,1,3,SR-48 LANCASTER PIKE,,99998,39.76798889,-75.657519440000,0,12,2,0,1,1,0,1,1,10,2,2,0,0000000,10,44,10,50,11,20,0,0,0,1,0
10,100079,5,5,0,0,0,9,9,1,0,26,5,2016,5,13,49,1,1,2,1,3,SR-1 KOREAM WAR VET MEM HWY.,,99998,39.23661389,-75.580161110000,0,12,2,0,1,1,0,1,1,1,0,1,0,0000000,13,55,14,16,99,99,0,0,0,1,0
10,100080,1,1,0,0,0,2,2,3,0,11,10,2016,3,10,37,1,2,1,1,1,I-95 JOHN F KENNEDY MEM HWY.,,20,39.64678056,-75.750650000000,0,34,0,0,1,1,0,4,1,1,0,1,0,0000000,99,99,99,99,99,99,0,0,0,1,0
10,100081,2,2,0,0,0,2,2,3,0,24,5,2016,3,10,42,0,2,3,1,2,US-13 DUPONT PARKWAY,MEMORIAL DRIVE,47,39.70963056,-75.563888890000,0,12,6,0,2,2,0,1,1,1,0,1,0,0000000,10,43,10,46,11,6,0,0,0,1,0
10,100082,3,3,0,0,0,5,5,3,0,1,7,2016,6,15,30,0,1,7,1,2,US-13 DUPONT PARKWAY,BLACKBIRD LANDING RD,31,39.40660000,-75.661511110000,0,12,6,0,2,2,0,1,1,1,0,1,0,0000000,15,30,15,35,16,26,0,0,0,1,0
10,100083,1,1,0,0,0,2,2,5,0,10,11,2016,5,19,47,0,1,5,1,3,SR-5 HARBESON RD,DIAMOND FARM RD,153,38.74797500,-75.290694440000,0,30,0,0,3,2,0,4,2,1,0,1,0,0000000,19,50,19,54,21,54,24,0,0,1,0
10,100084,1,1,0,0,0,1,1,3,460,29,11,2016,3,22,33,0,1,4,1,2,US-13 DUPONT PKWY,,64,39.36846389,-75.656661110000,0,42,0,1,19,1,0,4,2,10,0,10,0,0000000,22,33,22,41,88,88,99,99,99,1,1
10,100085,2,1,1,0,0,1,1,3,0,18,8,2016,5,21,6,0,2,5,1,3,SR-71 RED LION RD,,99998,39.59345000,-75.677538890000,0,14,0,0,1,1,0,2,2,1,0,1,0,0000000,21,6,21,14,21,22,0,0,0,1,1
10,100086,2,1,1,0,0,1,1,1,0,13,10,2016,5,20,1,0,1,7,1,6,BURRISVILLE RD,,32,38.87258056,-75.715775000000,0,30,0,0,1,1,0,4,2,1,0,1,0,0000000,20,4,20,14,21,8,14,0,0,1,0
10,100087,1,1,0,0,0,1,1,3,0,30,10,2016,1,4,56,0,2,3,1,3,SR-71 SUMMIT BRIDGE RD,,19,39.53017778,-75.737447220000,0,26,0,0,1,1,0,5,2,1,0,1,0,0000000,4,52,4,56,99,99,0,0,0,1,0
10,100088,1,1,0,1,1,1,1,3,0,14,11,2016,2,20,17,1,2,3,1,2,US-202 CONCORD PK,,14,39.81965000,-75.547819440000,0,8,0,0,1,1,0,1,2,10,0,10,0,0000000,20,17,20,21,20,52,0,0,0,1,0
10,100089,1,1,0,0,0,1,1,1,0,27,12,2016,3,8,35,0,1,5,1,6,BARRETTS CHAPEL RD,,99998,39.03443056,-75.484238890000,0,35,0,0,1,1,0,4,1,1,0,1,0,0000000,8,39,8,46,9,12,0,0,0,1,0
10,100090,2,1,1,1,3,1,3,1,0,3,12,2016,7,1,39,0,1,4,1,3,SR-12 MIDSTATE RD,,13,39.00591111,-75.544880560000,0,8,0,0,1,1,0,1,2,1,0,1,0,0000000,1,43,1,50,88,88,23,14,0,1,0
10,100091,2,2,0,0,0,2,2,3,0,31,10,2016,2,6,41,1,2,3,1,3,SR-141 BASIN RD,,28,39.70010000,-75.603961110000,0,24,0,0,1,1,4,3,2,1,0,1,0,0000000,6,46,6,53,7,8,0,0,0,1,0
10,100092,1,1,0,0,0,1,1,1,0,23,9,2016,6,16,9,0,1,5,1,3,SR-10 WILLOW GROVE RD,,30,39.04406111,-75.685850000000,0,42,0,0,1,1,0,5,1,1,0,1,0,0000000,16,14,16,25,88,88,0,0,0,1,0
10,100093,1,1,0,0,0,2,2,5,0,5,6,2016,1,21,21,0,1,5,1,3,SR-24 SHARPTOWN RD,,99998,38.51733056,-75.640611110000,0,35,0,0,1,1,0,4,2,1,0,1,0,0000000,21,24,21,29,21,59,0,0,0,1,1
10,100094,2,2,0,0,0,2,2,1,0,15,9,2016,5,17,55,1,2,2,1,3,SR-1 KOREAN WAR VET MEM HWY,,99998,39.16880000,-75.494275000000,0,12,2,0,1,1,0,1,1,1,0,1,0,0000000,17,55,17,59,18,42,0,0,0,1,0
10,100095,2,2,0,0,0,2,2,5,0,6,7,2016,4,20,51,0,1,5,1,3,SR-5 INDIAN MISSION RD,HARMONS HILL RD,19,38.65673889,-75.219100000000,0,12,6,0,2,2,0,1,2,1,0,1,0,0000000,20,53,20,58,21,46,0,0,0,1,0
10,100096,1,1,0,0,0,1,1,1,0,27,12,2016,3,3,40,0,1,4,1,3,SR-8 HALLTOWN RD,,99998,39.14821111,-75.656788890000,0,42,0,0,1,1,0,5,2,10,0,10,0,0000000,3,58,4,9,4,21,24,0,0,1,1
10,100097,2,2,0,0,0,4,4,3,0,12,11,2016,7,16,22,0,2,3,1,3,SR-2 KIRKWOOD HWY,MAPLE AVE,120,39.73843889,-75.606919440000,0,12,6,0,2,3,0,1,1,1,0,1,0,0000000,99,99,99,99,99,99,0,0,0,1,0
10,100098,2,2,0,0,0,2,2,1,0,25,8,2016,5,18,16,1,2,3,1,6,SCARBOROUGH RD,,1,39.18631944,-75.560569440000,0,12,6,0,1,1,0,1,5,1,0,1,0,0000000,18,19,18,23,18,49,0,0,0,1,0
10,100099,1,1,0,0,0,2,2,1,0,17,9,2016,7,20,2,0,1,7,1,6,OAK POINT SCHOOL RD,JEBB RD,46,39.10251944,-75.650911110000,0,1,0,0,2,3,0,1,2,1,0,1,0,0000000,20,4,20,12,20,46,0,0,0,1,0
10,100100,2,1,1,1,1,1,1,3,0,17,10,2016,2,12,31,1,1,2,1,3,SR-1 KOREAN WAR VETS MEM HWY,,92,39.32201111,-75.609663890000,0,8,0,1,19,1,0,2,1,1,0,1,0,0000000,12,33,12,37,88,88,14,0,0,1,0
10,100101,2,2,0,0,0,2,2,3,0,24,11,2016,5,9,46,1,2,1,1,1,I-95,,99998,39.78135000,-75.503100000000,0,12,1,0,1,1,0,1,1,10,0,10,0,0000000,9,46,9,52,88,88,0,0,0,1,1
10,100102,2,2,0,0,0,4,4,5,0,20,2,2016,7,15,58,0,1,5,1,4,CR-40 REDDEN RD,CR-579 WEST ROBBINS RD,99998,38.74611389,-75.453852780000,0,12,6,0,2,2,0,1,1,1,0,1,0,0000000,16,0,16,5,17,34,0,0,0,1,0
10,100103,1,1,0,1,1,1,1,3,0,24,12,2016,7,19,57,1,2,3,1,3,SR-273 CHRISTIANA RD,EDINBURGH DR,13,39.66373056,-75.629616670000,0,8,0,0,3,2,0,1,3,10,0,10,0,0000000,19,58,20,3,88,88,0,0,0,1,0
10,100104,1,1,0,1,1,2,2,3,0,17,11,2016,5,18,48,0,2,4,1,2,US-13B PHILADELPHIA PK,SR-3 WASHINGTON ST,36,39.76948889,-75.502919440000,0,8,0,0,3,3,0,1,2,1,0,1,0,0000000,18,48,18,51,19,14,0,0,0,1,0
10,100105,1,1,0,0,0,2,2,1,0,24,6,2016,6,23,0,0,1,6,1,6,WILLIAMSVILLE RD,,14,38.88746944,-75.545530560000,0,34,0,0,1,1,0,4,2,10,0,10,0,0000000,23,7,23,12,88,88,24,0,0,1,0
10,100106,3,3,0,0,0,3,3,5,0,12,6,2016,1,13,55,0,1,4,1,3,SR-26 VINES CREEK RD,CR-341 FALLING POINT RD,146,38.55682222,-75.200963890000,0,12,1,0,2,4,0,1,1,1,0,1,0,0000000,13,56,14,3,14,41,14,0,0,1,0
10,100107,1,1,0,1,1,2,2,5,0,29,10,2016,7,20,6,0,1,6,1,6,WESLEY CHURCH RD,,31,38.72516944,-75.615130560000,0,8,0,0,1,1,0,1,2,1,0,1,0,0000000,20,7,20,14,20,51,0,0,0,1,0
10,100108,2,2,0,0,0,2,2,5,0,10,9,2016,7,1,15,1,1,3,1,3,SR-1 COASTAL HWY,,200,38.87206944,-75.353269440000,0,12,2,0,1,1,0,1,2,1,0,1,0,0000000,1,11,1,22,1,54,0,0,0,1,2
10,100109,1,1,0,0,0,1,1,1,0,22,12,2016,5,17,46,0,1,6,1,6,WILLIAMSVILLE RD,,24,38.88865000,-75.527188890000,0,53,0,0,1,1,0,5,2,1,0,1,0,0000000,17,40,17,44,88,88,0,0,0,1,1
10,100110,1,1,0,1,1,1,1,3,0,13,11,2016,1,18,22,1,2,3,1,3,SR-2 KIRKWOOD HWY,,99998,39.73376111,-75.638311110000,0,8,0,0,1,1,0,1,2,1,0,1,0,0000000,18,21,18,23,18,38,0,0,0,1,0
10,100111,1,1,0,1,1,1,1,5,20,29,6,2016,4,23,9,0,1,5,1,3,SR-54 KENT AVE,BEACHWOOD LN,30,38.53273056,-75.062950000000,0,9,0,0,2,3,0,1,3,1,0,1,0,0000000,23,12,23,17,0,4,0,0,0,1,0
10,100112,2,2,0,0,0,2,2,5,0,21,10,2016,6,13,58,0,1,5,1,3,SR-30 WHITESVILLE RD,OLD STAGE RD,15,38.50063056,-75.538166670000,0,12,6,0,2,2,0,1,1,1,0,1,0,0000000,14,0,14,9,88,88,0,0,0,1,0
10,100113,2,2,0,0,0,3,3,5,0,14,7,2016,5,17,50,0,1,7,1,4,CR-86 AVE OF HONOR,CR-326 BETHESDA RD,30,38.62016111,-75.329038890000,0,12,6,0,2,2,0,1,1,1,0,1,0,0000000,17,48,17,54,18,33,0,0,0,1,1
10,100114,2,2,0,0,0,3,3,5,0,12,12,2016,2,7,51,0,1,7,1,4,CR-70 GORDY RD,,19,38.52286944,-75.521188890000,0,12,6,0,1,1,0,1,1,2,0,2,0,0000000,7,51,8,8,8,38,0,0,0,1,0
10,100115,2,2,0,0,0,8,8,5,0,28,10,2016,6,5,43,1,1,3,1,3,SR-404 SEASHORE HWY,,7,38.71716111,-75.578800000000,0,12,6,0,1,1,0,1,2,1,0,1,0,0000000,5,45,5,50,6,39,0,0,0,1,0
10,100116,3,1,2,0,0,1,1,5,0,5,9,2016,2,1,0,0,1,3,1,2,US-113 S DUPONT BLVD,,99998,38.52038056,-75.242269440000,0,59,0,0,1,1,0,3,2,1,0,1,0,0000000,1,3,1,6,88,88,14,24,0,1,1